threshold,points,percentage
0.600000,98,0.038153
0.700000,4438,1.727796
0.800000,21088,8.209952
0.900000,66309,25.815331
1.000000,109470,42.618713
1.100000,256859,100.000000
